id,symbol,name,image,current_price,market_cap,market_cap_rank,fully_diluted_valuation,total_volume,high_24h,low_24h,price_change_24h,price_change_percentage_24h,market_cap_change_24h,market_cap_change_percentage_24h,circulating_supply,total_supply,max_supply,ath,ath_change_percentage,ath_date,atl,atl_change_percentage,atl_date,roi,last_updated,roi.times,roi.currency,roi.percentage
bitcoin,btc,Bitcoin,https://assets.coingecko.com/coins/images/1/large/bitcoin.png?1696501400,67412,1320696961054,1,1410871395421,44186598835,68834,66605,-853.1682716888463,-1.24979,-21789237207.81714,-1.62305,19657806,21000000,21000000,73738,-8.60311,2024-03-14T07:10:36.635Z,67.81,99288.25553,2013-07-06T00:00:00.000Z,,2024-03-18T18:02:45.243Z
ethereum,eth,Ethereum,https://assets.coingecko.com/coins/images/279/large/ethereum.png?1696501628,3509.13,419312243455,2,419312243455,19821911914,3672.92,3472.82,-130.04420905332836,-3.57345,-15945945884.53357,-3.66356,120078892.260554,120078892.260554,,4878.26,-28.10194,2021-11-10T14:24:19.604Z,0.432979,809956.74809,2015-10-20T00:00:00.000Z,,2024-03-18T18:02:33.884Z,68.60780450488558,btc,6860.780450488558
tether,usdt,Tether,https://assets.coingecko.com/coins/images/325/large/Tether.png?1696501661,1.001,103478257441,3,103478257441,89014544477,1.004,0.992068,0.00160044,0.1601,32569094,0.03148,103415164358.386,103415164358.386,,1.32,-24.24207,2018-07-24T00:00:00.000Z,0.572521,75.07648,2015-03-02T00:00:00.000Z,,2024-03-18T18:00:28.854Z,,,
solana,sol,Solana,https://assets.coingecko.com/coins/images/4128/large/solana.png?1696504756,197.86,87422599656,4,112682769961,13066323865,208.6,195.01,2.8,1.43747,1011146873,1.17015,443887683.448409,572146034.540669,,259.96,-23.88811,2021-11-06T21:54:35.825Z,0.500801,39408.6698,2020-05-11T19:35:23.449Z,,2024-03-18T18:02:38.307Z,,,
binancecoin,bnb,BNB,https://assets.coingecko.com/coins/images/825/large/bnb-icon2_2x.png?1696501970,550.41,84048289747,5,84048289747,5510366416,584.24,541.37,-31.68228970967732,-5.44281,-5705160920.739441,-6.35648,153856150,153856150,200000000,686.31,-19.8424,2021-05-10T07:24:17.097Z,0.0398177,1381514.10081,2017-10-19T00:00:00.000Z,,2024-03-18T18:02:45.502Z,,,
staked-ether,steth,Lido Staked Ether,https://assets.coingecko.com/coins/images/13442/large/steth_logo.png?1696513206,3503.29,34066095027,6,34066293987,69673031,3671.02,3466.88,-124.71071166219144,-3.43745,-1383148366.994587,-3.90177,9779896.35546285,9779953.47410074,,4829.57,-27.95646,2021-11-10T14:40:47.256Z,482.9,620.52613,2020-12-22T04:08:21.854Z,,2024-03-18T18:02:18.633Z,,,
ripple,xrp,XRP,https://assets.coingecko.com/coins/images/44/large/xrp-symbol-white-128.png?1696501442,0.602311,32950702089,7,60121474443,1827888929,0.627311,0.597502,-0.019018513262676673,-3.06094,-1162442793.2049065,-3.40761,54800189217,99987798943,100000000000,3.4,-82.27318,2018-01-07T00:00:00.000Z,0.00268621,22327.05267,2014-05-22T00:00:00.000Z,,2024-03-18T18:02:36.226Z,,,
usd-coin,usdc,USDC,https://assets.coingecko.com/coins/images/6319/large/usdc.png?1696506694,1.001,30881268904,8,30994544869,11147258336,1.006,0.989963,-0.000821320494921896,-0.08197,13989473,0.04532,30874516471.1815,30987767666.6934,,1.17,-14.6101,2019-05-08T00:40:28.300Z,0.877647,14.09747,2023-03-11T08:02:13.981Z,,2024-03-18T18:02:32.011Z,,,
avalanche-2,avax,Avalanche,https://assets.coingecko.com/coins/images/12559/large/Avalanche_Circle_RedWhite_Trans.png?1696512369,62.65,23529423975,9,27189351753,3138222700,64.9,55.53,6.84,12.26043,2493310225,11.85252,377311659.225191,436001299.225191,720000000,144.96,-56.76071,2021-11-21T14:18:56.538Z,2.8,2137.72807,2020-12-31T13:15:21.540Z,,2024-03-18T18:02:40.255Z,,,
cardano,ada,Cardano,https://assets.coingecko.com/coins/images/975/large/cardano.png?1696502090,0.652225,22915626130,10,29256852230,781158210,0.694149,0.646391,-0.029455489247412703,-4.32101,-1107909597.6654205,-4.61177,35246552423.2316,45000000000,45000000000,3.09,-78.86454,2021-09-02T06:00:10.474Z,0.01925275,3288.77836,2020-03-13T02:22:55.044Z,,2024-03-18T18:02:40.246Z,,,
dogecoin,doge,Dogecoin,https://assets.coingecko.com/coins/images/5/large/dogecoin.png?1696501409,0.142097,20336555626,11,20337057248,1924552132,0.156413,0.140266,-0.01332475766247804,-8.57327,-1968537229.0527077,-8.82551,143517386383.705,143520926383.705,,0.731578,-80.57287,2021-05-08T05:08:23.458Z,0.0000869,163442.58437,2015-05-06T00:00:00.000Z,,2024-03-18T18:02:45.625Z,,,
shiba-inu,shib,Shiba Inu,https://assets.coingecko.com/coins/images/11939/large/shiba.png?1696511800,0.00002676,15746692605,12,26722111838,1899612661,0.00002992,0.00002647,-0.00000280037211755,-9.47491,-1705529362.524063,-9.77256,589265362659385.2,999982365709438,,0.00008616,-68.94654,2021-10-28T03:54:55.568Z,5.6366e-11,47466636.04777,2020-11-28T11:26:25.838Z,,2024-03-18T18:02:12.430Z,,,
polkadot,dot,Polkadot,https://assets.coingecko.com/coins/images/12171/large/polkadot.png?1696512008,9.78,13068449399,13,13856338744,487518343,10.39,9.66,-0.3416845534485837,-3.37431,-479955352.1624813,-3.54252,1342675406.75377,1423624539.60952,,54.98,-82.20344,2021-11-04T14:10:09.301Z,2.7,262.7385,2020-08-20T05:48:11.359Z,,2024-03-18T18:02:39.419Z,,,
the-open-network,ton,Toncoin,https://assets.coingecko.com/coins/images/17980/large/ton_symbol.png?1696517498,3.77,12922142810,14,19013701494,153169519,4.03,3.67,-0.15254416455292086,-3.88973,-876654243.1881561,-6.35312,3469055794.83935,5104384955.49679,,5.29,-30.02304,2021-11-12T06:50:02.476Z,0.519364,612.86019,2021-09-21T00:33:11.092Z,,2024-03-18T18:02:41.402Z,,,
tron,trx,TRON,https://assets.coingecko.com/coins/images/1094/large/tron-logo.png?1696502193,0.123478,10845061091,15,10845049609,466494033,0.126873,0.123059,-0.002170373353111918,-1.72734,-195141216.3718872,-1.76755,87832071058.0667,87831978067.2517,,0.231673,-46.67381,2018-01-05T00:00:00.000Z,0.00180434,6746.94299,2017-11-12T00:00:00.000Z,,2024-03-18T18:02:30.468Z,63.98850611175321,usd,6398.850611175321
chainlink,link,Chainlink,https://assets.coingecko.com/coins/images/877/large/chainlink-new-logo.png?1696502009,18.38,10774842866,16,18352654391,790318278,19.47,18.22,-0.2052043504065857,-1.10437,-143414287.77854156,-1.31353,587099971.3083414,1000000000,1000000000,52.7,-65.09758,2021-05-10T00:13:57.214Z,0.148183,12311.92712,2017-11-29T00:00:00.000Z,,2024-03-18T18:02:34.946Z,,,
wrapped-bitcoin,wbtc,Wrapped Bitcoin,https://assets.coingecko.com/coins/images/7598/large/wrapped_bitcoin_wbtc.png?1696507857,66868,10393958593,17,10393958593,277297333,69075,66392,-1573.6457312631828,-2.29926,-189908547.15234566,-1.79432,155434.89201022,155434.89201022,155434.89201022,73505,-9.03016,2024-03-14T07:10:23.403Z,3139.17,2030.10971,2019-04-02T00:00:00.000Z,,2024-03-18T18:01:44.170Z,,,
matic-network,matic,Polygon,https://assets.coingecko.com/coins/images/4713/large/polygon.png?1698233745,1.026,9480312927,18,10212615061,551020553,1.098,1.016,-0.05409098223575137,-5.0088,-538867559.7658787,-5.37836,9282943566.203985,10000000000,10000000000,2.92,-64.83488,2021-12-27T02:08:34.307Z,0.00314376,32520.4107,2019-05-10T00:00:00.000Z,,2024-03-18T18:02:02.520Z,389.0490795949821,usd,38904.90795949821
uniswap,uni,Uniswap,https://assets.coingecko.com/coins/images/12504/large/uni.jpg?1696512319,11.78,8847287309,19,11737435066,208145191,12.66,11.6,-0.8189449185357685,-6.50253,-628161346.5189838,-6.62936,753766667,1000000000,1000000000,44.92,-73.8943,2021-05-03T05:25:04.822Z,1.03,1038.27446,2020-09-17T01:20:38.214Z,,2024-03-18T18:01:47.847Z,,,
bitcoin-cash,bch,Bitcoin Cash,https://assets.coingecko.com/coins/images/780/large/bitcoin-cash-circle.png?1696501932,389.79,7639568092,20,8155321851,379152101,409.74,385.79,-15.34171357774153,-3.7868,-331460667.56312275,-4.15832,19671931.1466508,21000000,21000000,3785.82,-89.70186,2017-12-20T00:00:00.000Z,76.93,406.75277,2018-12-16T00:00:00.000Z,,2024-03-18T18:02:44.234Z,,,
near,near,NEAR Protocol,https://assets.coingecko.com/coins/images/10365/large/near.jpg?1696510367,7.02,7238567129,21,8232459992,1172634387,8.5,6.93,-1.1057518917062295,-13.61237,-1216507053.6168404,-14.38789,1039156880.1147,1181838516.94235,,20.44,-65.83641,2022-01-16T22:09:45.873Z,0.526762,1225.53032,2020-11-04T16:09:15.137Z,,2024-03-18T18:02:29.866Z,,,
litecoin,ltc,Litecoin,https://assets.coingecko.com/coins/images/2/large/litecoin.png?1696501400,82.24,6094164609,22,6887474987,495046671,86.64,81.16,-4.185233959374841,-4.84251,-316564457.2964096,-4.93804,74324745.7334713,84000000,84000000,410.26,-79.94957,2021-05-10T03:13:07.904Z,1.15,7060.15271,2015-01-14T00:00:00.000Z,,2024-03-18T18:02:40.297Z,,,
aptos,apt,Aptos,https://assets.coingecko.com/coins/images/26455/large/aptos_round.png?1696525528,14.82,5871370902,23,16141451101,403883999,15.28,13.78,0.752158,5.34683,311166859,5.59632,395194658.988497,1086460959.50188,,19.92,-25.62752,2023-01-26T14:25:17.390Z,3.08,381.04801,2022-12-29T21:35:14.796Z,,2024-03-18T18:02:31.456Z,,,
leo-token,leo,LEO Token,https://assets.coingecko.com/coins/images/8418/large/leo-token.png?1696508607,6.17,5711206382,24,6070373479,3003077,6.22,6.06,0.051558,0.84272,22395491,0.39368,926945625.9,985239504,,8.14,-24.16775,2022-02-08T17:40:10.285Z,0.799859,671.28754,2019-12-24T15:14:35.376Z,,2024-03-18T18:02:20.305Z,,,
internet-computer,icp,Internet Computer,https://assets.coingecko.com/coins/images/14495/large/Internet_Computer_logo.png?1696514180,12.21,5587392703,25,6255485998,168522986,12.78,11.84,-0.4491422826906497,-3.54695,-250416385.89258766,-4.28956,461000403.998359,516122944.198335,,700.65,-98.26902,2021-05-10T16:05:53.653Z,2.87,323.31463,2023-09-22T00:29:57.369Z,,2024-03-18T18:02:47.588Z,,,
dai,dai,Dai,https://assets.coingecko.com/coins/images/9956/large/Badge_Dai.png?1696509996,1,4747642698,26,4766406531,312154286,1.004,0.992625,-0.000110578175697595,-0.01106,53525452,1.14027,4747623177.5907,4766386933.45295,,1.22,-17.95253,2020-03-13T03:02:50.373Z,0.88196,13.39536,2023-03-11T07:50:50.514Z,,2024-03-18T18:00:28.523Z,,,
filecoin,fil,Filecoin,https://assets.coingecko.com/coins/images/12817/large/filecoin.png?1696512609,8.71,4568019763,27,17056271552,478599333,9.5,8.65,-0.5062434905467423,-5.49495,-271909790.9732628,-5.61805,525151852,1960834904,1960834904,236.84,-96.32721,2021-04-01T13:29:41.564Z,2.64,229.3733,2022-12-16T22:45:28.552Z,,2024-03-18T18:02:10.775Z,,,
cosmos,atom,Cosmos Hub,https://assets.coingecko.com/coins/images/1481/large/cosmos_hub.png?1696502525,11.67,4541353533,28,4541732689,235575801,12.4,11.59,-0.6087622241159885,-4.95913,-259390541.10232353,-5.40313,390688369.813272,390720988.275091,,44.45,-73.7605,2022-01-17T00:34:41.497Z,1.16,905.37476,2020-03-13T02:27:44.591Z,,2024-03-18T18:02:42.678Z,115.6682333999734,usd,11566.82333999734
ethereum-classic,etc,Ethereum Classic,https://assets.coingecko.com/coins/images/453/large/ethereum-classic-logo.png?1696501717,30.92,4485412491,29,6468752996,237245664,32.32,30.38,-1.043315266878583,-3.26361,-155911940.46998978,-3.35921,146098701.327235,210700000,210700000,167.09,-81.49142,2021-05-06T18:34:22.133Z,0.615038,4928.16492,2016-07-25T00:00:00.000Z,,2024-03-18T18:02:09.003Z,67.72189230602207,usd,6772.189230602206
render-token,rndr,Render,https://assets.coingecko.com/coins/images/11636/large/rndr.png?1696511529,11.83,4480306987,30,6250547882,838777071,13.36,11.72,-0.9404492277297276,-7.36398,-490646494.3053751,-9.87027,380659644.393815,531064353.673815,531064353.673815,13.53,-12.59143,2024-03-17T16:30:24.636Z,0.03665669,32173.73202,2020-06-16T13:22:25.900Z,,2024-03-18T18:02:41.044Z,,,
arbitrum,arb,Arbitrum,https://assets.coingecko.com/coins/images/16547/large/photo_2023-03-29_21.47.00.jpeg?1696516109,1.65,4363682624,31,16442284440,778925237,1.75,1.62,-0.08303788820573721,-4.78622,1842702545,73.09469,2653939384,10000000000,10000000000,2.39,-30.89488,2024-01-12T12:29:59.231Z,0.744925,121.7415,2023-09-11T19:40:49.196Z,,2024-03-18T18:02:51.007Z,,,
bittensor,tao,Bittensor,https://assets.coingecko.com/coins/images/28452/large/ARUsPeNQ_400x400.jpeg?1696527447,675.86,4354189104,32,14205245367,55691146,750.27,659.48,-17.247997137707216,-2.4885,-100810649.12954617,-2.26287,6436916,21000000,21000000,757.6,-10.44872,2024-03-07T18:45:36.466Z,30.83,2100.60203,2023-05-14T08:57:53.732Z,,2024-03-18T18:01:32.034Z,,,
immutable-x,imx,Immutable,https://assets.coingecko.com/coins/images/17233/large/immutableX-symbol-BLK-RGB.png?1696516787,2.78,3857876968,33,5554000128,80276162,2.98,2.76,-0.1684054673121338,-5.70679,-252611500.23617125,-6.14553,1389224659.3898141,2000000000,2000000000,9.52,-70.91327,2021-11-26T01:03:01.536Z,0.378055,632.44358,2022-12-31T07:36:37.649Z,,2024-03-18T18:02:47.193Z,,,
okb,okb,OKB,https://assets.coingecko.com/coins/images/4463/large/WeChat_Image_20220118095654.png?1696505053,63.24,3792193317,34,14913285954,12765725,65.08,62.8,-1.616979711655155,-2.49311,-99194830.41085577,-2.54909,60000000,235957685.3,300000000,73.8,-14.31971,2024-03-14T00:30:12.502Z,0.580608,10791.15601,2019-01-14T00:00:00.000Z,,2024-03-18T18:02:36.182Z,,,
blockstack,stx,Stacks,https://assets.coingecko.com/coins/images/2069/large/Stacks_Logo_png.png?1709979332,2.6,3752368199,35,4716576173,66261800,2.8,2.58,-0.17810576816888446,-6.41006,-277775993.392025,-6.89246,1446346912.45713,1818000000,1818000000,3.47,-25.11027,2024-03-11T08:24:53.109Z,0.04559639,5604.07451,2020-03-13T02:29:26.415Z,,2024-03-18T18:02:47.197Z,20.670230501578917,usd,2067.0230501578917
the-graph,grt,The Graph,https://assets.coingecko.com/coins/images/13397/large/Graph_Token.png?1696513159,0.397854,3744445820,36,4277732470,239867672,0.437195,0.396493,-0.020545645472179408,-4.91053,-197784849.59948397,-5.01708,9443109861.89204,10788004319,10788004319,2.84,-86.0379,2021-02-12T07:28:45.775Z,0.052051,662.2017,2022-11-22T10:05:03.503Z,,2024-03-18T18:02:47.099Z,,,
hedera-hashgraph,hbar,Hedera,https://assets.coingecko.com/coins/images/3688/large/hbar.png?1696504364,0.109668,3677859949,37,5456817976,83791951,0.119579,0.108843,-0.008795655946693057,-7.42479,-311962772.50533533,-7.81896,33699675940.9128,50000000000,50000000000,0.569229,-80.73703,2021-09-15T10:40:28.318Z,0.00986111,1011.94762,2020-01-02T17:30:24.852Z,,2024-03-18T18:02:38.240Z,,,
stellar,xlm,Stellar,https://assets.coingecko.com/coins/images/100/large/Stellar_symbol_black_RGB.png?1696501482,0.12673,3622448187,38,6315762467,111910047,0.133202,0.125587,-0.005882436788755802,-4.4358,-181476445.5956912,-4.77077,28678862391.4262,50001787014.7101,50001787014.7101,0.875563,-85.52102,2018-01-03T00:00:00.000Z,0.00047612,26525.99144,2015-03-05T00:00:00.000Z,,2024-03-18T18:02:42.323Z,,,
crypto-com-chain,cro,Cronos,https://assets.coingecko.com/coins/images/7310/large/cro_token_logo.png?1696507599,0.134261,3557396617,39,4012606831,23933453,0.145287,0.132761,-0.008444160265766415,-5.91723,-247061163.89051294,-6.49399,26596649761.7525,30000000000,,0.965407,-86.07564,2021-11-24T15:53:54.855Z,0.0121196,1009.16821,2019-02-08T00:00:00.000Z,,2024-03-18T18:02:34.620Z,,,
injective-protocol,inj,Injective,https://assets.coingecko.com/coins/images/12882/large/Secondary_Symbol.png?1696512670,38.54,3409973639,40,3857775661,261226692,43.22,38.2,-4.1857010089266,-9.7956,-378249382.0992937,-9.98488,88392222.33,100000000,,52.62,-26.73161,2024-03-14T15:06:22.124Z,0.657401,5764.65874,2020-11-03T16:19:30.576Z,,2024-03-18T18:02:19.637Z,,,
optimism,op,Optimism,https://assets.coingecko.com/coins/images/25244/large/Optimism.png?1696524385,3.29,3302215759,41,14096334640,311205802,3.62,3.26,-0.2978793327674829,-8.3017,-294567836.1038108,-8.18976,1006141600,4294967296,4294967296,4.84,-32.52792,2024-03-06T08:35:50.817Z,0.402159,712.752,2022-06-18T20:54:52.178Z,,2024-03-18T18:02:46.433Z,,,
kaspa,kas,Kaspa,https://assets.coingecko.com/coins/images/25751/large/kaspa-icon-exchanges.png?1696524837,0.130566,3008860644,42,3009222737,57053035,0.142935,0.12819,-0.005141439258544407,-3.78862,-109533193.11846066,-3.51249,23049966821.7288,23052740702.0063,28704026601,0.189044,-31.23335,2024-02-20T06:54:58.731Z,0.00017105,75900.69497,2022-05-26T14:42:59.316Z,,2024-03-18T18:02:51.293Z,,,
first-digital-usd,fdusd,First Digital USD,https://assets.coingecko.com/coins/images/31079/large/firstfigital.jpeg?1696529912,0.997858,2994770880,43,2994770880,13745428083,1.004,0.987043,-0.001404203061321607,-0.14052,-14825427.144625187,-0.49261,2997429241.85,2997429241.85,,1.041,-4.27262,2023-10-23T22:55:15.103Z,0.942129,5.80844,2023-08-17T21:55:41.478Z,,2024-03-18T18:02:54.469Z,,,
theta-token,theta,Theta Network,https://assets.coingecko.com/coins/images/2538/large/theta-token-logo.png?1696503349,2.98,2963183728,44,2963183728,127326160,3.34,2.96,-0.15691237804085612,-4.9973,-163197666.00753403,-5.22002,1000000000,1000000000,1000000000,15.72,-81.03032,2021-04-16T13:15:11.190Z,0.04039979,7281.17774,2020-03-13T02:24:16.483Z,,2024-03-18T18:02:16.975Z,18.886859949423346,usd,1888.6859949423347
vechain,vet,VeChain,https://assets.coingecko.com/coins/images/1167/large/VET_Token_Icon.png?1710013505,0.03964386,2874627082,45,3399251466,92257794,0.0428216,0.03925667,-0.003028118267399023,-7.09627,-213125021.92042017,-6.90227,72714516834,85985041177,86712634466,0.280991,-85.88818,2021-04-19T01:08:21.675Z,0.00191713,1968.3469,2020-03-13T02:29:59.652Z,,2024-03-18T18:02:14.958Z,2.9543734546897227,eth,295.4373454689723
pepe,pepe,Pepe,https://assets.coingecko.com/coins/images/29850/large/pepe-token.jpeg?1696528776,0.00000673,2825879999,46,2825879999,972323263,0.00000812,0.00000666,-0.000001326987111107,-16.46394,-559972709.4264121,-16.5386,420690000000000,420690000000000,420690000000000,0.00001064,-37.13471,2024-03-14T07:01:12.472Z,5.5142e-8,12027.68182,2023-04-18T02:14:41.591Z,,2024-03-18T18:02:41.433Z,,,
maker,mkr,Maker,https://assets.coingecko.com/coins/images/1364/large/Mark_Maker.png?1696502423,3068.76,2819605224,47,2982100644,230784748,3310.05,3049.02,-76.99051296815651,-2.44745,-82550976.60167122,-2.84447,924359.673639777,977631.036950888,1005577,6292.31,-51.27017,2021-05-03T21:54:29.333Z,168.36,1721.26287,2020-03-16T20:52:36.527Z,,2024-03-18T18:02:38.626Z,,,
dogwifcoin,wif,dogwifhat,https://assets.coingecko.com/coins/images/33566/large/dogwifhat.jpg?1702499428,2.69,2731028774,48,2731028774,899413105,3.26,2.55,-0.08677426376401343,-3.12231,68135359,2.5587,998926392,998926392,998926392,3.47,-21.6369,2024-03-15T02:11:25.613Z,0.00155464,174983.26213,2023-12-13T07:13:50.873Z,,2024-03-18T18:02:54.779Z,,,
mantle,mnt,Mantle,https://assets.coingecko.com/coins/images/30980/large/token-logo.png?1696529819,0.827438,2669622536,49,5137674554,328993763,0.879509,0.814991,-0.039588747146780734,-4.56603,-132468042.05086803,-4.72747,3231662126.03314,6219316794.99,6219316794.99,1.094,-24.88104,2024-03-11T08:55:07.391Z,0.307978,166.8511,2023-10-18T02:50:46.942Z,,2024-03-18T18:02:19.137Z,,,
fetch-ai,fet,Fetch.ai,https://assets.coingecko.com/coins/images/5681/large/Fetch.jpg?1696506140,2.48,2581683856,50,2852689344,602200008,2.96,2.47,-0.3662466705603422,-12.8647,-419335278.1321664,-13.9731,1043462805,1152997575,1152997575,3.11,-20.12111,2024-03-10T00:24:58.632Z,0.00816959,30289.86993,2020-03-13T02:24:18.347Z,,2024-03-18T18:02:44.412Z,27.612052872839215,usd,2761.2052872839217
monero,xmr,Monero,https://assets.coingecko.com/coins/images/69/large/monero_logo.png?1696501460,137.75,2510112963,51,,57701997,144.69,136.77,-6.334459121712513,-4.39644,-123693294.88410711,-4.69637,18147820.3764146,,,542.33,-74.45182,2018-01-09T00:00:00.000Z,0.216177,63993.08874,2015-01-14T00:00:00.000Z,,2024-03-18T18:02:54.755Z,,,
fantom,ftm,Fantom,https://assets.coingecko.com/coins/images/4001/large/Fantom_round.png?1696504642,0.891533,2499300388,52,2830353879,657125417,0.945158,0.814136,0.01612371,1.84185,51932850,2.12199,2803634835.52659,3175000000,3175000000,3.46,-74.20084,2021-10-28T05:19:39.845Z,0.00190227,46806.22318,2020-03-13T02:25:38.280Z,,2024-03-18T18:02:34.787Z,28.717765653657764,usd,2871.776565365776
thorchain,rune,THORChain,https://assets.coingecko.com/coins/images/6595/large/Rune200x200.png?1696506946,8.21,2445611537,53,4066523071,545739608,9.03,8.1,-0.7788230977851143,-8.66317,-226280452.5724101,-8.46892,300700561,500000000,500000000,20.87,-60.64415,2021-05-19T00:30:09.436Z,0.00851264,96375.46831,2019-09-28T00:00:00.000Z,,2024-03-18T18:02:49.419Z,215.0848442157759,usd,21508.48442157759
celestia,tia,Celestia,https://assets.coingecko.com/coins/images/31967/large/tia.jpg?1696530772,12.96,2219010633,54,13332307430,131141954,14.41,12.86,-1.211524605571677,-8.54957,-203015199.51247263,-8.38204,171509281.174549,1030465753.42455,,20.85,-38.34794,2024-02-10T14:30:02.495Z,2.08,516.99029,2023-10-31T15:14:31.951Z,,2024-03-18T18:01:44.245Z,,,
sei-network,sei,Sei,https://assets.coingecko.com/coins/images/28205/large/Sei_Logo_-_Transparent.png?1696527207,0.826647,2209627668,55,8260290347,236766162,0.90803,0.813315,-0.05691712316509267,-6.44176,-165500742.33798695,-6.96808,2675000000,10000000000,,1.14,-27.7109,2024-03-16T02:30:23.904Z,0.095364,763.94644,2023-10-19T08:05:30.655Z,,2024-03-18T18:02:54.308Z,,,
lido-dao,ldo,Lido DAO,https://assets.coingecko.com/coins/images/13573/large/Lido_DAO.png?1696513326,2.47,2198156856,56,2465132082,95921744,2.76,2.45,-0.256646033930509,-9.40342,-231402763.75412083,-9.52447,891699423.464022,1000000000,1000000000,7.3,-66.26184,2021-08-20T08:35:20.158Z,0.40615,506.63699,2022-06-18T20:55:12.035Z,,2024-03-18T18:02:42.698Z,,,
arweave,ar,Arweave,https://assets.coingecko.com/coins/images/4343/large/oRt6SiEN_400x400.jpg?1696504946,33.34,2180071934,57,2180071934,99198948,39.42,33.18,-5.621058872154968,-14.42919,-388736520.9669795,-15.13295,65454185.5381511,65454185.5381511,66000000,89.24,-62.64941,2021-11-05T04:14:42.689Z,0.298788,11055.02456,2020-01-31T06:47:36.543Z,,2024-03-18T18:02:47.211Z,44.047436665773404,usd,4404.74366657734
gala,gala,GALA,https://assets.coingecko.com/coins/images/12493/large/GALA_token_image_-_200PNG.png?1709725869,0.058613,2098252122,58,2110599370,243397028,0.065375,0.058035,-0.004964866630827785,-7.80911,-206342413.18845916,-8.95352,35922107637.8449,36133492712.2787,50000000000,0.824837,-92.9249,2021-11-26T01:03:48.731Z,0.00013475,43208.59246,2020-12-28T08:46:48.367Z,,2024-03-18T18:02:38.323Z,,,
rocket-pool-eth,reth,Rocket Pool ETH,https://assets.coingecko.com/coins/images/20764/large/reth.png?1696520159,3844.44,2094423737,59,2094406242,41237565,4031.8,3829.26,-148.79004871678308,-3.72606,-76796258.09365916,-3.53701,544706.370710123,544701.820593021,,4814.31,-20.43916,2021-12-01T08:03:50.749Z,887.26,331.6988,2022-06-18T20:55:45.957Z,,2024-03-18T18:02:45.739Z,,,
algorand,algo,Algorand,https://assets.coingecko.com/coins/images/4380/large/download.png?1696504978,0.250167,2014357687,60,2014357687,119558602,0.280523,0.247957,-0.026778858552249984,-9.66934,-210550901.2874031,-9.46335,8066797522.90637,8066797522.90637,10000000000,3.56,-92.97133,2019-06-20T14:51:19.480Z,0.087513,186.0149,2023-09-11T19:42:08.247Z,,2024-03-18T18:02:46.666Z,-0.8957636114236941,usd,-89.57636114236941
sui,sui,Sui,https://assets.coingecko.com/coins/images/26375/large/sui_asset.jpeg?1696525453,1.57,1938389079,61,15747524187,621141143,1.74,1.55,0.0104988,0.67373,14137930,0.73472,1230916717.79423,10000000000,10000000000,2.16,-27.1208,2023-05-03T12:00:26.430Z,0.364846,331.9694,2023-10-19T10:40:30.078Z,,2024-03-18T18:02:51.791Z,,,
jupiter-exchange-solana,jup,Jupiter,https://assets.coingecko.com/coins/images/34188/large/jup.png?1704266489,1.44,1931450732,62,14307042463,836827176,1.59,1.26,0.178337,14.18505,248510747,14.76647,1350000000,10000000000,10000000000,2,-28.81705,2024-01-31T15:02:47.304Z,0.457464,211.20882,2024-02-21T18:31:05.083Z,,2024-03-18T18:02:01.283Z,,,
flow,flow,Flow,https://assets.coingecko.com/coins/images/13446/large/5f6294c0c7a8cda55cb1c936_Flow_Wordmark.png?1696513210,1.29,1916604608,63,1916604608,70011957,1.4,1.28,-0.058593347785175,-4.35269,-88778703.3267746,-4.42702,1494854696,1494854695.77308,1494854695.77308,42.4,-96.97948,2021-04-05T13:49:10.098Z,0.391969,226.71355,2023-09-11T19:41:06.528Z,,2024-03-18T18:02:54.329Z,,,
mantle-staked-ether,meth,Mantle Staked Ether,https://assets.coingecko.com/coins/images/33345/large/symbol_transparent_bg.png?1701697066,3596.33,1894149270,64,1894149270,1536712,3756.52,3556.47,-133.10424234758057,-3.56902,-70035153.99209285,-3.56561,528117.098490979,528117.098490979,,4221.1,-15.27489,2024-03-12T00:54:55.007Z,2142.02,66.96083,2023-12-18T10:41:32.686Z,,2024-03-18T18:00:54.976Z,,,
floki,floki,FLOKI,https://assets.coingecko.com/coins/images/16746/large/PNG_image.png?1696516318,0.00018814,1830832267,65,1884634605,409812674,0.00023332,0.00018439,-0.000043059622978937,-18.62481,-382630076.8217423,-17.2865,9714521117263,10000000000000,10000000000000,0.00033651,-44.23478,2021-11-04T06:58:35.285Z,8.428e-8,222555.44649,2021-07-06T01:11:20.438Z,,2024-03-18T18:02:51.248Z,,,
quant-network,qnt,Quant,https://assets.coingecko.com/coins/images/3370/large/5ZOu7brX_400x400.jpg?1696504070,125.42,1815665553,66,1824194089,51939258,135.31,123.9,-3.491156178460855,-2.7082,-68314798.16378546,-3.62609,14544176.164091088,14612493,14612493,427.42,-70.66946,2021-09-11T09:15:00.668Z,0.215773,58000.46191,2018-08-23T00:00:00.000Z,,2024-03-18T18:02:51.855Z,14.36977920694182,eth,1436.977920694182
aave,aave,Aave,https://assets.coingecko.com/coins/images/12645/large/AAVE.png?1696512452,120.88,1777239499,67,1926070557,156865663,129.07,119.69,-5.83575281824605,-4.60553,-80588034.61033368,-4.33776,14763650.214804368,16000000,16000000,661.69,-81.81743,2021-05-18T21:19:59.514Z,26.02,362.32792,2020-11-05T09:20:11.928Z,,2024-03-18T18:02:46.364Z,,,
beam-2,beam,Beam,https://assets.coingecko.com/coins/images/32417/large/chain-logo.png?1698114384,0.03283627,1722032493,68,2046848754,35689744,0.03676001,0.03225601,-0.003172717160318861,-8.8109,-161901530.2484033,-8.5938,52573823628.9169,62490496468.0217,62490496468.0217,0.04416304,-26.01886,2024-03-10T10:40:22.381Z,0.0043383,653.11316,2023-10-29T08:20:14.064Z,,2024-03-18T18:01:41.999Z,,,
elrond-erd-2,egld,MultiversX,https://assets.coingecko.com/coins/images/12335/large/egld-token-logo.png?1696512162,60.36,1606361830,69,1606671685,43297754,65,59.78,-3.663305062310066,-5.72143,-101006035.13973403,-5.91589,26709223,26714375,31415926,545.64,-88.9861,2021-11-23T10:33:26.737Z,6.51,823.61,2020-10-07T01:44:53.554Z,,2024-03-18T18:02:47.702Z,,,
bitcoin-cash-sv,bsv,Bitcoin SV,https://assets.coingecko.com/coins/images/6799/large/BSV.png?1696507128,80.49,1579949530,70,1687281203,41029178,86.45,79.86,-4.501891717766611,-5.29674,-90312808.19389081,-5.4071,19664143.75,21000000,21000000,489.75,-83.5565,2021-04-16T17:09:04.630Z,21.43,275.7069,2023-06-10T04:32:12.266Z,,2024-03-18T18:02:22.542Z,,,
dydx-chain,dydx,dYdX,https://assets.coingecko.com/coins/images/32594/large/dydx.png?1698673495,3.32,1545742907,71,2366382885,16271010,3.63,3.28,-0.27425315623670166,-7.62614,11647312,0.75923,464677529,711376353,1000000000,4.52,-26.96396,2024-03-07T22:19:11.131Z,2.3,43.29176,2024-01-03T12:14:30.340Z,,2024-03-18T18:02:52.813Z,,,
pyth-network,pyth,Pyth Network,https://assets.coingecko.com/coins/images/31924/large/pyth.png?1701245725,1.023,1535483253,72,10236555020,379489320,1.13,1.013,-0.008032881776196099,-0.77922,-12979661.532913446,-0.83823,1500000000,10000000000,10000000000,1.2,-14.76781,2024-03-16T07:01:15.357Z,0.228806,345.65686,2024-01-08T03:29:54.594Z,,2024-03-18T18:02:30.229Z,,,
bonk,bonk,Bonk,https://assets.coingecko.com/coins/images/28600/large/bonk.jpg?1696527587,0.00002337,1534033225,73,2186157798,331694999,0.00002837,0.00002337,-0.00000371593488311,-13.71904,-232505075.66507268,-13.16162,65627592216347.88,93526183276778,93526183276778,0.00004547,-48.67522,2024-03-04T17:05:29.594Z,8.6142e-8,26992.12107,2022-12-29T22:48:46.755Z,,2024-03-18T18:02:48.151Z,,,
conflux-token,cfx,Conflux,https://assets.coingecko.com/coins/images/13079/large/3vuYMbjN.png?1696512867,0.398268,1526869497,74,2176151034,189274395,0.426707,0.390828,-0.019751284687000215,-4.72497,-83206575.69545269,-5.16787,3843668603.01274,5478139042.98525,,1.7,-76.5758,2021-03-27T03:43:35.178Z,0.02199898,1711.03651,2022-12-30T08:16:30.345Z,,2024-03-18T18:02:46.729Z,,,
axie-infinity,axs,Axie Infinity,https://assets.coingecko.com/coins/images/13029/large/axie_infinity_logo.png?1696512817,10.15,1436881310,75,2731608165,72333395,10.97,10.04,-0.63600018408094,-5.89829,-90358990.7917471,-5.91649,142025477.405289,270000000,270000000,164.9,-93.86655,2021-11-06T19:29:29.482Z,0.123718,8074.96587,2020-11-06T08:05:43.662Z,,2024-03-18T18:02:15.773Z,,,
starknet,strk,Starknet,https://assets.coingecko.com/coins/images/26433/large/starknet.png?1696525507,1.93,1408160156,76,19342859282,192366894,2.14,1.92,-0.17103902863180043,-8.12722,-120880252.11889029,-7.90563,728000000,10000000000,10000000000,4.41,-56.3784,2024-02-20T12:05:13.556Z,1.7,13.48252,2024-02-21T14:29:50.266Z,,2024-03-18T18:02:01.607Z,,,
ether-fi-staked-eth,eeth,ether.fi Staked ETH,https://assets.coingecko.com/coins/images/33049/large/ether.fi_eETH.png?1700473063,3431.67,1398797921,77,2770946653,1057009,3678.17,3417.82,-136.04157855373296,-3.81313,-39573057.20941448,-2.75124,404369.15187006345,801034.467710681,,4040.42,-14.70865,2024-03-11T14:17:18.791Z,2155.76,59.85723,2024-02-08T11:26:30.368Z,,2024-03-18T18:01:20.437Z,,,
wrapped-eeth,weeth,Wrapped eETH,https://assets.coingecko.com/coins/images/33033/large/weETH.png?1701438396,3594.81,1378743487,78,1378743487,47905117,3775.5,3580.61,-132.4524841725647,-3.55361,-52172561.25668764,-3.6461,383601.119569842,383601.119569842,,4196.87,-14.55399,2024-03-13T08:29:59.938Z,2231.18,60.72513,2024-01-08T03:35:28.624Z,,2024-03-18T18:02:53.912Z,,,
the-sandbox,sand,The Sandbox,https://assets.coingecko.com/coins/images/12129/large/sandbox_logo.jpg?1696511971,0.609322,1365117054,79,1818756093,158728267,0.656792,0.60275,-0.03706569380553926,-5.73428,-88162179.55952692,-6.06643,2251731926.2233224,3000000000,3000000000,8.4,-92.7434,2021-11-25T06:04:40.957Z,0.02897764,2002.73256,2020-11-04T15:59:14.441Z,,2024-03-18T18:02:22.751Z,,,
kucoin-shares,kcs,KuCoin,https://assets.coingecko.com/coins/images/1047/large/sa9z79.png?1696502152,14.22,1364803522,80,2038082297,333865,15.18,14.11,-0.8284997620370618,-5.50385,-87905195.84151816,-6.05112,96287258.2890287,143787258.288945,,28.83,-50.65997,2021-12-01T15:09:35.541Z,0.342863,4048.79225,2019-02-07T00:00:00.000Z,,2024-03-18T18:02:40.130Z,,,
worldcoin-wld,wld,Worldcoin,https://assets.coingecko.com/coins/images/31069/large/worldcoin.jpeg?1696529903,8.74,1347050469,81,87301610794,488854533,9.78,8.64,-0.8910293374959544,-9.25197,-129411558.59044838,-8.76498,154298466.716963,10000000000,10000000000,11.74,-26.20053,2024-03-10T00:10:42.330Z,0.973104,790.39944,2023-09-13T07:36:44.064Z,,2024-03-18T18:02:41.851Z,,,
singularitynet,agix,SingularityNET,https://assets.coingecko.com/coins/images/2138/large/singularitynet.png?1696503103,1.055,1346296483,82,1465528235,309673033,1.22,1.048,-0.12981612873797577,-10.95391,-184898094.1434114,-12.07541,1279380811.64262,1392686325.98352,2000000000,1.46,-27.67001,2024-03-10T00:24:59.207Z,0.00747159,14041.90442,2020-03-13T02:24:16.528Z,,2024-03-18T18:02:51.610Z,9.55295865445462,usd,955.295865445462
ordinals,ordi,ORDI,https://assets.coingecko.com/coins/images/30162/large/ordi.png?1696529082,63.14,1325229353,83,1325229353,354162395,70.88,62.5,-3.1715316123683834,-4.78263,-64951878.276064396,-4.67219,21000000,21000000,,95.52,-34.46546,2024-03-05T01:45:22.816Z,2.86,2088.06896,2023-09-11T15:22:32.140Z,,2024-03-18T18:02:35.570Z,,,
mina-protocol,mina,Mina Protocol,https://assets.coingecko.com/coins/images/15628/large/JM4_vQ34_400x400.png?1696515261,1.23,1314002901,84,1395942092,42884560,1.34,1.22,-0.09016145931797115,-6.8281,-88553848.61001992,-6.31374,1070455124.84004,1137207052.84004,,9.09,-86.52629,2021-06-01T01:42:37.064Z,0.351341,248.60878,2023-10-11T04:00:22.740Z,,2024-03-18T18:02:12.314Z,,,
akash-network,akt,Akash Network,https://assets.coingecko.com/coins/images/12785/large/akash-logo.png?1696512580,5.76,1312027188,85,1312170517,16493607,6.06,5.3,-0.26426052509146647,-4.38725,-81771228.23442745,-5.86679,230816799.095985,230842013.989962,388539008,8.07,-29.68661,2021-04-06T18:59:48.484Z,0.164994,3341.209,2022-11-21T20:30:53.727Z,,2024-03-18T18:01:10.562Z,,,
bittorrent,btt,BitTorrent,https://assets.coingecko.com/coins/images/22457/large/btt_logo.png?1696521780,0.00000134,1295013610,86,1324108653,68277916,0.00000148,0.00000133,-7.9972744134e-8,-5.64241,-77071030.06207132,-5.61708,968246428571000,990000000000000,990000000000000,0.00000343,-61.1079,2022-01-21T04:00:31.909Z,3.65368e-7,265.25387,2023-10-13T05:10:41.241Z,,2024-03-18T18:02:34.090Z,,,
havven,snx,Synthetix Network,https://assets.coingecko.com/coins/images/3406/large/SNX.png?1696504103,3.88,1260968505,87,1262599331,52019113,4.21,3.83,-0.24835547589425033,-6.01973,-93908207.7835412,-6.93113,327769196.13952357,328193104.088774,328193104.088774,28.53,-86.41366,2021-02-14T01:12:38.505Z,0.0347864,11043.70598,2019-01-06T00:00:00.000Z,,2024-03-18T18:02:46.265Z,6.754674740675754,usd,675.4674740675754
tokenize-xchange,tkx,Tokenize Xchange,https://assets.coingecko.com/coins/images/4984/large/TKX_-_Logo_-_RGB-15.png?1696505519,15.72,1254723562,88,1568482877,70790053,16.1,15.63,-0.25916138725800053,-1.62165,-26510985.18496728,-2.06918,79995999.94518414,100000000,100000000,22.3,-29.49054,2022-10-31T10:23:59.455Z,0.111255,14030.5982,2019-04-28T00:00:00.000Z,,2024-03-18T18:02:13.423Z,53.12109207108978,usd,5312.109207108978
ribbon-finance,rbn,Ribbon Finance,https://assets.coingecko.com/coins/images/15823/large/ribbon.png?1709186956,1.33,1254568723,89,1329296708,33784146,1.36,1.21,-0.008493511304828338,-0.63497,-10634745.058863163,-0.84056,943783818.373656,1000000000,1000000000,5.54,-75.93851,2021-10-07T22:30:49.258Z,0.12452,970.8639,2023-05-18T09:35:07.716Z,,2024-03-18T18:01:24.200Z,,,
msol,msol,Marinade staked SOL,https://assets.coingecko.com/coins/images/17752/large/mSOL.png?1696517278,236.06,1253042459,90,1253043168,56273828,244.91,226.57,8.24,3.61626,5935130,0.47591,5302333,5302336,5302336,261.93,-9.92554,2021-11-07T00:00:00.000Z,8.93,2541.98911,2022-12-29T20:45:33.039Z,,2024-03-18T18:02:34.198Z,,,
tezos,xtz,Tezos,https://assets.coingecko.com/coins/images/976/large/Tezos-logo.png?1696502091,1.27,1233643036,91,1259775138,51064970,1.36,1.26,-0.07534222173724725,-5.60855,19001830,1.5644,974822864.393371,995472412.090397,,9.12,-86.09315,2021-10-04T00:41:18.025Z,0.350476,261.72437,2018-12-07T00:00:00.000Z,,2024-03-18T18:01:40.759Z,1.6978776894644105,usd,169.78776894644108
apecoin,ape,ApeCoin,https://assets.coingecko.com/coins/images/24383/large/apecoin.jpg?1696523566,1.99,1214492330,92,1983688027,87698173,2.14,1.97,-0.12485777548537748,-5.90345,-75400654.67131662,-5.8455,612239583,1000000000,1000000000,26.7,-92.60164,2022-04-28T21:44:21.164Z,1.008,96.02511,2023-10-10T20:51:07.411Z,,2024-03-18T18:02:43.719Z,,,
bitget-token,bgb,Bitget Token,https://assets.coingecko.com/coins/images/11610/large/icon_colour.png?1696511504,0.869667,1213407242,93,1733437679,44238652,0.880668,0.851832,-0.007307160310956685,-0.83322,-15481115.82924056,-1.25977,1400001000,2000000000,2000000000,1.15,-24.48195,2024-02-17T06:30:15.580Z,0.0142795,5990.31378,2020-06-25T04:17:05.895Z,,2024-03-18T18:01:23.572Z,,,
flare-networks,flr,Flare,https://assets.coingecko.com/coins/images/28624/large/FLR-icon200x200.png?1696527609,0.03269382,1190926187,94,3302792205,24343281,0.03828028,0.03222568,-0.001361285588854559,-3.9973,-54372435.23034263,-4.36622,36678922652.4219,101721551777.067,,0.150073,-78.41669,2023-01-10T03:14:05.921Z,0.00827405,291.47344,2023-10-19T03:35:41.663Z,,2024-03-18T18:02:49.676Z,,,
whitebit,wbt,WhiteBIT Coin,https://assets.coingecko.com/coins/images/27045/large/wbt_token.png?1696526096,8.16,1176862164,95,2917551316,16880819,8.23,8.04,0.073339,0.90656,10540088,0.9037,144118517.10815412,357283276,400000000,14.64,-44.30409,2022-10-28T12:32:18.119Z,3.06,166.40135,2023-02-13T19:01:21.899Z,,2024-03-18T18:02:48.403Z,,,
chiliz,chz,Chiliz,https://assets.coingecko.com/coins/images/8834/large/CHZ_Token_updated.png?1696508986,0.13114,1160192032,96,1160192032,109834324,0.141152,0.129737,-0.0082731552667438,-5.93426,-78734450.60473537,-6.35505,8888888888,8888888888,8888888888,0.878633,-85.07713,2021-03-13T08:04:21.200Z,0.00410887,3091.0753,2019-09-28T00:00:00.000Z,,2024-03-18T18:02:45.021Z,4.960922042204078,usd,496.0922042204077
helium,hnt,Helium,https://assets.coingecko.com/coins/images/4284/large/Helium_HNT.png?1696504894,7.12,1153647792,97,1582325527,51529680,7.63,6.79,-0.35888180905242795,-4.79662,-59515305.80772829,-4.9058,162585670.977112,223000000,223000000,54.88,-87.02329,2021-11-12T23:08:25.301Z,0.113248,6188.19421,2020-04-18T00:19:10.902Z,,2024-03-18T18:02:54.739Z,,,
ethena-usde,usde,Ethena USDe,https://assets.coingecko.com/coins/images/33613/large/3466ef_3c088c66c7d941e8856339d0bddf33cc_mv2.png?1702514458,1.002,1144980927,98,1144980927,48473779,1.007,0.994686,-0.000936826816968717,-0.09343,36912313,3.33123,1141866503.10085,1141866503.10085,,1.032,-2.85949,2023-12-20T15:38:34.596Z,0.977814,2.53179,2024-01-09T21:19:32.385Z,,2024-03-18T18:00:46.267Z,,,
true-usd,tusd,TrueUSD,https://assets.coingecko.com/coins/images/3449/large/tusd.png?1696504140,1.002,1140786086,99,1140786086,71494284,1.007,0.989287,-0.000887593761019323,-0.08847,-261364.93640613556,-0.02291,1138455467.01,1138455467.01,,1.62,-38.06744,2018-08-26T20:41:09.375Z,0.88355,13.44989,2020-03-12T10:47:51.380Z,,2024-03-18T18:02:45.816Z,,,
decentraland,mana,Decentraland,https://assets.coingecko.com/coins/images/878/large/decentraland-mana.png?1696502010,0.607557,1127656912,100,1326692794,111482190,0.653571,0.600346,-0.03846940103409502,-5.95478,-73175533.96627378,-6.09373,1864149589.3092341,2193179327.32015,2193179327.32015,5.85,-89.61658,2021-11-25T10:04:18.534Z,0.00923681,6477.11161,2017-10-31T00:00:00.000Z,,2024-03-18T18:02:38.805Z,29.377831036773866,usd,2937.7831036773864